trial,launch_speed,start_angle_deg,start_sector_index,winner_index,winner,color,pocket_offset,free_revolutions,settle_seconds,timed_out
1,12.484224,178.633462,18,13,36,red,32,2.772319,16.012500,0
2,12.288654,102.974124,10,7,25,red,34,2.871734,14.479167,0
3,11.829297,240.200045,24,17,23,red,30,2.701813,14.316667,0
4,11.793854,9.439741,0,2,15,black,2,3.007675,14.812500,0
5,12.488186,31.285454,3,4,4,black,1,3.010974,15.141667,0
6,11.837658,50.248392,5,36,26,black,31,2.823865,14.187500,0
7,12.364383,147.679278,15,12,13,black,34,2.807317,15.391667,0
8,11.672526,128.281565,13,11,27,red,35,2.929805,14.662500,0
9,12.097038,116.270223,11,7,25,red,33,2.743752,14.645833,0
10,11.735540,135.536916,13,14,11,black,1,2.983353,14.762500,0
11,11.978582,66.214394,6,6,2,black,0,2.946449,14.641667,0
12,12.020604,7.972027,0,2,15,black,2,3.024588,14.716667,0
13,12.185328,1.133337,0,31,7,red,31,2.748389,15.862500,0
14,12.172342,135.069042,13,10,6,black,34,2.870784,14.591667,0
15,12.275549,267.222180,27,29,18,red,2,3.034095,15.358333,0
16,11.755560,5.912832,0,1,32,red,1,2.993658,15.229167,0
17,12.083884,288.675228,29,22,33,black,30,2.724028,14.350000,0
18,12.204506,49.625131,5,11,27,red,6,3.136637,15.866667,0
19,11.677823,11.028215,1,5,21,red,4,3.076895,15.937500,0
20,11.898381,139.670906,14,7,25,red,30,2.742096,13.750000,0
21,11.535055,168.322525,17,15,30,red,35,2.907160,14.533333,0
22,12.343101,342.853446,35,30,29,black,32,2.772102,16.416667,0
23,12.137191,184.942166,19,20,24,black,1,3.011588,14.820833,0
24,12.275691,71.118513,7,3,19,red,33,2.764997,14.379167,0
25,12.216110,185.725766,19,14,11,black,32,2.760163,14.170833,0
26,11.635147,29.267951,3,1,32,red,35,2.909274,15.300000,0
27,11.822312,205.500119,21,14,11,black,30,2.798889,13.937500,0
28,11.812673,209.670568,21,15,30,red,31,2.738796,14.770833,0
29,11.997835,272.510083,28,22,33,black,31,2.730223,14.150000,0
30,11.566472,148.105304,15,14,11,black,36,2.968997,14.575000,0
31,12.108039,325.046100,33,36,26,black,3,3.053080,15.200000,0
32,12.131834,121.484330,12,6,2,black,31,2.740000,15.750000,0
33,12.269658,349.396590,35,29,18,red,31,2.742189,13.791667,0
34,11.727890,319.934584,32,32,28,black,0,2.945355,14.670833,0
35,12.106336,156.024445,16,13,36,red,34,2.884085,14.825000,0
36,11.855166,46.444362,4,36,26,black,32,2.728045,14.483333,0
37,11.690694,21.676073,2,1,32,red,36,2.925301,15.383333,0
38,11.710077,280.223293,28,28,22,black,0,2.947863,14.608333,0
39,12.275797,244.221769,25,21,16,red,33,2.857410,15.266667,0
40,11.760406,45.556089,4,2,15,black,35,2.894303,14.500000,0
41,11.575736,112.191030,11,8,17,black,34,2.868453,14.562500,0
42,11.697807,298.122154,30,29,18,red,36,2.922928,14.675000,0
43,11.524938,90.585090,9,11,27,red,2,3.020225,15.600000,0
44,11.889938,225.427588,23,25,14,red,2,3.028365,14.925000,0
45,12.090930,210.013817,21,15,30,red,31,2.735209,16.337500,0
46,11.837893,246.660680,25,25,14,red,0,2.973246,14.529167,0
47,12.205136,44.546128,4,0,0,green,33,2.748421,14.620833,0
48,12.132156,141.855806,14,17,23,red,3,3.036424,15.208333,0
49,11.547863,309.182126,31,29,18,red,35,2.916068,14.570833,0
50,11.681626,302.545458,31,25,14,red,31,2.810105,14.179167,0
51,11.803297,144.890871,14,9,34,red,32,2.732463,15.225000,0
52,12.224795,181.638138,18,13,36,red,32,2.763782,14.158333,0
53,11.592061,218.662822,22,20,24,black,35,2.927415,14.479167,0
54,12.244055,189.080442,19,14,11,black,32,2.778517,14.683333,0
55,11.754670,166.793004,17,12,13,black,32,2.843137,14.558333,0
56,12.073721,104.832130,10,4,4,black,31,2.730695,16.433333,0
57,12.255397,181.137816,18,13,36,red,32,2.764637,14.795833,0
58,11.693219,52.652475,5,3,19,red,35,2.928688,14.466667,0
59,11.791429,325.120791,33,27,9,red,31,2.718480,14.854167,0
60,12.281730,5.472529,0,32,28,black,32,2.763431,15.133333,0
61,12.242185,200.009588,20,15,30,red,32,2.743160,14.929167,0
62,11.655522,1.224532,0,36,26,black,36,2.960876,14.733333,0
63,11.532274,66.471369,6,5,21,red,36,2.934458,14.720833,0
64,12.494256,313.916819,32,33,12,red,1,3.002016,15.575000,0
65,12.458960,239.556141,24,19,5,red,32,2.763131,15.945833,0
66,11.534747,62.962112,6,5,21,red,36,2.954284,14.441667,0
67,11.660644,237.910252,24,22,33,black,35,2.934860,14.458333,0
68,11.793378,250.044765,25,21,16,red,33,2.838140,14.629167,0
69,12.297418,244.252116,25,20,24,black,32,2.779056,14.262500,0
70,11.502276,166.651605,17,14,11,black,34,2.884630,14.358333,0
71,11.732964,222.827918,22,16,8,black,31,2.707065,15.054167,0
72,11.806778,117.755950,12,9,34,red,34,2.912116,14.379167,0
73,11.984317,56.846266,5,1,32,red,33,2.861649,14.425000,0
74,11.830961,243.272873,25,24,20,black,36,2.947790,14.516667,0
75,11.514434,178.314320,18,14,11,black,33,2.755165,14.416667,0
76,12.221840,340.782775,35,29,18,red,31,2.756542,14.045833,0
77,12.353332,350.826666,36,31,7,red,32,2.783952,16.054167,0
78,12.014480,202.425068,20,14,11,black,31,2.734063,15.816667,0
79,12.033911,143.570554,14,20,24,black,6,3.114549,15.908333,0
80,11.605826,191.216697,19,17,23,red,35,2.922133,14.475000,0
81,12.368150,133.228456,13,8,17,black,32,2.763021,16.237500,0
82,12.433648,293.523891,30,25,14,red,32,2.773578,15.841667,0
83,11.787155,133.116393,13,6,2,black,30,2.711637,13.879167,0
84,12.271815,222.270628,22,18,10,black,33,2.786523,14.275000,0
85,12.022611,125.236985,12,12,13,black,0,2.942695,14.900000,0
86,11.786390,304.770432,31,31,7,red,0,2.958863,14.708333,0
87,12.161963,58.444834,6,10,6,black,4,3.080016,15.112500,0
88,11.605811,142.600193,14,12,13,black,35,2.895579,14.779167,0
89,12.290923,113.189692,11,6,2,black,32,2.762419,16.187500,0
90,12.208083,347.245863,35,1,32,red,3,3.022950,15.687500,0
91,11.632357,296.398860,30,28,22,black,35,2.908277,14.362500,0
92,11.569967,75.262655,7,7,25,red,0,2.974344,14.795833,0
93,12.054792,48.469002,4,36,26,black,32,2.753582,15.975000,0
94,12.277736,31.930087,3,3,19,red,0,2.982630,14.625000,0
95,11.952374,164.959762,16,16,8,black,0,2.938213,14.750000,0
96,11.787974,215.815372,22,22,33,black,0,2.984820,14.600000,0
97,12.107902,1.271644,0,31,7,red,31,2.730137,14.733333,0
98,11.846639,284.852382,29,32,28,black,3,3.041157,15.033333,0
99,12.312341,353.778434,36,30,29,black,31,2.741795,16.154167,0
100,11.846888,136.157460,13,8,17,black,32,2.730417,14.979167,0
101,12.249834,3.006729,0,32,28,black,32,2.755703,14.837500,0
102,12.022459,214.585953,22,15,30,red,30,2.727502,15.775000,0
103,12.474752,173.867960,17,13,36,red,33,2.794665,13.966667,0
104,11.538322,121.894647,12,11,27,red,36,2.935633,14.516667,0
105,11.953118,312.645191,32,32,28,black,0,2.987073,14.737500,0
106,11.689154,188.767923,19,18,10,black,36,2.953814,14.441667,0
107,11.843627,235.467029,24,18,10,black,31,2.720916,14.879167,0
108,12.224124,269.116271,27,26,31,black,36,2.922137,14.879167,0
109,11.774051,14.830296,1,1,32,red,0,2.974717,14.712500,0
110,11.923201,100.510360,10,5,21,red,32,2.820680,14.512500,0
111,11.664952,310.838915,31,24,20,black,30,2.696941,15.095833,0
112,12.358663,174.342577,17,12,13,black,32,2.763945,16.237500,0
113,11.886986,344.342033,35,27,9,red,29,2.713642,13.566667,0
114,12.351823,280.678106,28,23,1,red,32,2.763260,14.733333,0
115,12.376558,314.066805,32,0,0,green,5,3.124828,15.133333,0
116,12.204603,254.998507,26,29,18,red,3,3.058426,14.916667,0
117,11.889838,133.981213,13,6,2,black,30,2.727542,13.550000,0
118,11.505006,192.652252,19,16,8,black,34,2.864004,14.620833,0
119,12.125331,350.629641,36,31,7,red,32,2.792867,13.891667,0
120,11.987049,209.960921,21,22,33,black,1,2.996644,14.858333,0
121,12.372685,165.675641,17,12,13,black,32,2.780544,16.095833,0
122,12.325182,92.278972,9,4,4,black,32,2.782421,14.658333,0
123,11.662305,268.889387,27,26,31,black,36,2.928701,15.341667,0
124,11.724452,312.486549,32,30,29,black,35,2.916183,14.825000,0
125,11.720869,1.246601,0,32,28,black,32,2.756433,14.804167,0
126,11.676661,201.686052,20,13,36,red,30,2.708216,16.083333,0
127,11.567967,242.142543,24,24,20,black,0,2.961726,14.854167,0
128,11.813375,343.717061,35,36,26,black,1,3.001411,15.325000,0
129,11.694320,212.224759,21,15,30,red,31,2.709427,14.791667,0
130,11.943510,205.762058,21,14,11,black,30,2.722218,15.729167,0
131,12.141661,61.991477,6,9,34,red,3,3.031087,15.362500,0
132,11.814470,346.264839,35,33,12,red,35,2.890378,14.575000,0
133,11.770551,79.490614,8,9,34,red,1,3.005430,15.408333,0
134,12.381613,57.123454,5,1,32,red,33,2.782469,16.070833,0
135,11.572360,9.739862,1,1,32,red,0,2.983604,15.175000,0
136,12.211974,5.887114,0,4,4,black,4,3.071751,15.462500,0
137,11.794292,291.639569,29,22,33,black,30,2.699474,16.108333,0
138,11.742190,322.445987,33,26,31,black,30,2.790680,14.350000,0
139,11.555413,12.946052,1,1,32,red,0,2.973964,15.050000,0
140,12.084264,241.471734,24,18,10,black,31,2.733125,15.816667,0
141,11.539029,11.270070,1,34,35,black,33,2.882735,14.116667,0
142,11.884019,18.871010,1,34,35,black,33,2.757655,15.441667,0
143,12.341836,159.999247,16,12,13,black,33,2.795332,14.241667,0
144,11.689470,30.424848,3,32,28,black,29,2.677626,14.633333,0
145,11.862315,116.781454,12,5,21,red,30,2.721448,14.695833,0
146,11.895572,324.458191,33,35,3,red,2,3.030044,14.887500,0
147,12.120671,177.485119,18,12,13,black,31,2.746106,15.991667,0
148,12.155966,228.089840,23,18,10,black,32,2.750458,14.804167,0
149,11.998552,108.366504,11,4,4,black,30,2.726108,13.954167,0
150,12.310495,55.807313,5,1,32,red,33,2.768364,14.129167,0
151,12.417312,159.048117,16,12,13,black,33,2.775558,15.216667,0
152,11.602747,276.808205,28,25,14,red,34,2.897196,14.279167,0
153,12.067137,53.425073,5,36,26,black,31,2.737486,14.412500,0
154,12.207476,104.713005,10,5,21,red,32,2.748881,14.329167,0
155,12.442824,256.867907,26,21,16,red,32,2.785237,16.016667,0
156,12.156061,347.194615,35,30,29,black,32,2.762008,15.962500,0
157,12.494656,9.839761,1,33,12,red,32,2.784066,14.820833,0
158,11.562466,157.660867,16,15,30,red,36,2.937162,17.841667,0
159,11.670893,355.830974,36,35,3,red,36,2.924682,14.591667,0
160,11.694587,334.300581,34,27,9,red,30,2.716060,16.066667,0
161,12.100462,330.945525,34,27,9,red,30,2.741406,13.704167,0
162,11.547126,346.968158,35,34,35,black,36,2.918063,15.062500,0
163,11.577811,330.839155,34,30,29,black,33,2.882836,14.300000,0
164,11.824337,257.998555,26,19,5,red,30,2.710537,14.337500,0
165,11.822497,75.960967,7,1,32,red,31,2.731434,16.400000,0
166,11.735806,18.073884,1,30,29,black,29,2.691649,15.737500,0
167,12.255207,5.367500,0,32,28,black,32,2.762039,14.670833,0
168,12.316452,299.551336,30,30,29,black,0,2.956617,14.812500,0
169,12.267719,115.810372,11,8,17,black,34,2.795114,14.533333,0
170,12.303181,18.465768,1,33,12,red,32,2.755551,16.029167,0
171,12.100890,56.366032,5,0,0,green,32,2.746294,14.150000,0
172,11.975281,222.585918,22,23,1,red,1,2.970161,15.033333,0
173,12.328681,120.195027,12,19,5,red,7,3.174079,15.433333,0
174,11.997291,330.546330,33,27,9,red,31,2.727419,14.083333,0
175,12.387479,341.590904,35,4,4,black,6,3.126885,15.929167,0
176,11.594259,328.501254,33,33,12,red,0,2.947328,15.320833,0
177,11.548074,199.385479,20,19,5,red,36,2.954954,14.625000,0
178,11.648637,298.918955,30,30,29,black,0,2.969127,14.775000,0
179,11.820675,160.035823,16,8,17,black,29,2.710797,13.562500,0
180,11.553316,271.861656,27,33,12,red,6,3.111736,16.445833,0
181,11.880776,140.589799,14,7,25,red,30,2.712194,15.070833,0
182,12.307708,280.223612,28,23,1,red,32,2.757355,16.095833,0
183,11.746031,152.318426,15,16,8,black,1,2.978427,14.720833,0
184,12.485253,306.430247,31,31,7,red,0,2.952991,15.191667,0
185,11.829058,34.684163,3,33,12,red,30,2.712744,16.070833,0
186,12.275013,96.546847,9,6,2,black,34,2.856483,14.579167,0
187,11.837040,294.837374,30,34,35,black,4,3.089890,15.504167,0
188,11.794846,209.197156,21,21,16,red,0,2.979196,14.620833,0
189,11.521719,247.513266,25,23,1,red,35,2.918249,14.737500,0
190,11.836740,112.641909,11,4,4,black,30,2.708443,15.175000,0
191,11.669301,265.711160,27,24,20,black,34,2.877897,14.587500,0
192,11.739964,327.020777,33,31,7,red,35,2.903237,15.066667,0
193,11.583253,137.054516,14,12,13,black,35,2.911055,14.429167,0
194,12.118988,202.585635,20,14,11,black,31,2.729005,14.362500,0
195,11.582700,116.934564,12,13,36,red,1,2.995773,17.258333,0
196,11.892408,300.372600,30,28,22,black,35,2.888646,14.725000,0
197,11.993394,329.460680,33,34,35,black,1,2.967321,14.954167,0
198,12.094221,303.770885,31,31,7,red,0,2.959452,15.500000,0
199,11.815542,196.289979,20,21,16,red,1,2.998491,14.933333,0
200,12.202586,85.443979,8,12,13,black,4,3.056995,14.937500,0
201,11.836834,356.788370,36,29,18,red,30,2.705062,14.304167,0
202,11.797345,222.447832,22,23,1,red,1,2.997164,14.958333,0
203,11.755583,182.211787,18,17,23,red,36,2.913672,14.745833,0
204,11.535661,66.509628,6,4,4,black,35,2.899888,14.804167,0
205,12.427490,341.480578,35,30,29,black,32,2.779740,15.933333,0
206,11.994256,126.382206,12,6,2,black,31,2.738624,15.995833,0
207,11.534939,304.121370,31,33,12,red,2,3.043250,15.150000,0
208,12.346975,121.797238,12,7,25,red,32,2.772086,14.941667,0
209,12.269207,288.476531,29,26,31,black,34,2.872334,14.520833,0
210,11.942866,259.682165,26,19,5,red,30,2.724521,14.991667,0
211,11.975397,117.428251,12,5,21,red,30,2.725829,15.804167,0
212,12.330465,256.962627,26,25,14,red,36,2.954531,14.858333,0
213,11.775381,308.831184,31,34,35,black,3,3.047391,15.287500,0
214,12.230031,60.437520,6,5,21,red,36,2.940540,14.745833,0
215,11.814114,185.509642,19,18,10,black,36,2.926381,15.416667,0
216,12.495700,303.741918,31,29,18,red,35,2.790471,15.166667,0
217,12.069932,315.103411,32,29,18,red,34,2.737031,14.787500,0
218,12.104375,146.254166,15,16,8,black,1,2.999045,14.887500,0
219,11.811917,176.793810,18,23,1,red,5,3.117741,15.725000,0
220,12.313595,353.347020,36,31,7,red,32,2.775063,14.100000,0
221,11.869303,224.465113,23,20,24,black,34,2.911529,14.241667,0
222,12.423669,152.733226,15,10,6,black,32,2.778479,13.850000,0
223,12.385023,76.297634,7,3,19,red,33,2.790799,14.262500,0
224,12.350618,304.262504,31,27,9,red,33,2.798806,15.454167,0
225,11.561434,21.711234,2,3,19,red,1,3.010964,15.000000,0
226,11.515659,13.844405,1,35,3,red,34,2.884091,15.029167,0
227,11.664915,323.568811,33,31,7,red,35,2.930044,15.325000,0
228,12.225554,77.812918,7,4,4,black,34,2.806903,14.533333,0
229,11.914406,162.281421,16,20,24,black,4,3.058903,15.120833,0
230,12.448982,119.927909,12,12,13,black,0,2.958211,14.987500,0
231,12.263809,259.176071,26,21,16,red,32,2.745733,14.137500,0
232,11.886773,177.754568,18,20,24,black,2,3.016565,15.762500,0
233,11.973964,289.839883,29,32,28,black,3,3.052955,14.991667,0
234,12.120093,256.156364,26,28,22,black,2,3.039651,14.791667,0
235,11.681594,295.460742,30,27,9,red,34,2.882379,14.283333,0
236,12.391396,131.317881,13,12,13,black,36,2.928826,14.758333,0
237,11.977995,113.482266,11,9,34,red,35,2.895207,14.429167,0
238,12.024019,251.488011,25,29,18,red,4,3.068395,15.420833,0
239,11.569358,206.481866,21,22,33,black,1,2.988489,14.808333,0
240,12.252464,306.450986,31,26,31,black,32,2.774715,14.825000,0
241,11.737828,135.024570,13,9,34,red,33,2.862368,14.245833,0
242,12.358901,234.465542,24,24,20,black,0,2.960081,14.991667,0
243,11.707888,31.575588,3,31,7,red,28,2.671519,14.458333,0
244,11.619380,39.725965,4,2,15,black,35,2.913288,14.654167,0
245,12.322261,65.206556,6,8,17,black,2,3.009349,14.895833,0
246,12.222748,191.844469,19,17,23,red,35,2.783300,15.075000,0
247,12.270623,92.303612,9,4,4,black,32,2.770297,14.262500,0
248,12.193329,142.299281,14,9,34,red,32,2.742613,15.066667,0
249,11.787394,87.809990,9,7,25,red,35,2.908890,14.604167,0
250,11.688706,245.221651,25,28,22,black,3,3.055854,15.675000,0
251,11.563114,89.337709,9,6,2,black,34,2.882797,14.462500,0
252,11.537218,221.021261,22,20,24,black,35,2.887435,15.212500,0
253,11.608329,81.288603,8,6,2,black,35,2.930214,14.558333,0
254,11.692549,307.742793,31,34,35,black,3,3.053261,15.333333,0
255,12.146857,303.250537,31,34,35,black,3,3.060465,15.279167,0
256,11.904518,278.086000,28,29,18,red,1,2.981481,14.758333,0
257,12.269552,207.178953,21,25,14,red,4,3.071811,14.920833,0
258,11.798216,267.372825,27,29,18,red,2,3.028040,15.145833,0
259,11.534223,85.204448,8,5,21,red,34,2.866282,14.925000,0
260,12.074107,72.393406,7,1,32,red,31,2.747074,13.954167,0
261,11.770803,247.519345,25,23,1,red,35,2.915106,14.816667,0
262,11.990783,37.781160,3,36,26,black,33,2.761689,14.866667,0
263,12.236060,61.114521,6,9,34,red,3,3.041293,15.837500,0
264,12.266915,227.122692,23,17,23,red,31,2.741704,15.708333,0
265,11.802152,125.720832,12,7,25,red,32,2.734345,14.729167,0
266,11.709848,354.714914,36,34,35,black,35,2.908594,14.379167,0
267,11.937535,168.264884,17,10,6,black,30,2.717077,16.725000,0
268,12.112978,83.109805,8,2,15,black,31,2.740373,16.312500,0
269,12.265455,309.792658,31,29,18,red,35,2.814659,15.654167,0
270,11.559162,105.756780,10,10,6,black,0,2.948595,14.562500,0
271,12.119002,119.108856,12,7,25,red,32,2.753774,14.791667,0
272,11.861853,140.344824,14,7,25,red,30,2.718470,13.933333,0
273,11.896663,209.200912,21,14,11,black,30,2.711913,16.312500,0
274,12.354416,333.761929,34,4,4,black,7,3.163673,15.883333,0
275,12.398158,254.823492,26,22,33,black,33,2.778381,15.062500,0
276,12.164563,156.107545,16,12,13,black,33,2.867246,14.483333,0
277,12.092499,11.211162,1,2,15,black,1,2.989868,14.800000,0
278,12.179208,191.956993,19,21,16,red,2,3.000153,15.225000,0
279,11.802519,91.306666,9,2,15,black,30,2.710159,14.112500,0
280,11.987869,111.193719,11,8,17,black,34,2.736522,14.737500,0
281,11.621443,114.376946,11,10,6,black,36,2.916443,15.300000,0
282,12.180804,159.818440,16,18,10,black,2,3.005559,15.620833,0
283,12.040985,88.984870,9,8,17,black,36,2.962555,14.462500,0
284,11.952001,112.381511,11,5,21,red,31,2.750664,16.141667,0
285,12.448454,294.672779,30,27,9,red,34,2.809020,15.050000,0
286,11.878638,93.300102,9,12,13,black,3,3.037732,15.512500,0
287,12.463616,292.039453,30,28,22,black,35,2.924127,14.550000,0
288,11.908844,154.643846,15,10,6,black,32,2.719374,14.487500,0
289,12.392541,95.566252,9,4,4,black,32,2.780602,13.816667,0
290,11.928025,235.037278,24,22,33,black,35,2.934706,14.304167,0
291,12.324249,269.512559,27,23,1,red,33,2.765522,14.920833,0
292,11.541115,306.910219,31,28,22,black,34,2.890640,14.370833,0
293,11.644284,296.276172,30,27,9,red,34,2.875891,14.533333,0
294,11.612204,110.290654,11,10,6,black,36,2.960114,14.687500,0
295,12.214928,335.887503,34,4,4,black,7,3.148595,16.262500,0
296,12.114210,6.155582,0,32,28,black,32,2.744279,14.904167,0
297,11.732989,259.076780,26,17,23,red,28,2.707692,13.345833,0
298,11.523272,318.198196,32,30,29,black,35,2.908583,14.795833,0
299,12.027973,213.673308,21,20,24,black,36,2.921545,14.562500,0
300,11.977765,351.020525,36,29,18,red,30,2.724843,15.870833,0
301,11.597476,338.480318,34,33,12,red,36,2.948665,14.600000,0
302,12.120760,217.101686,22,23,1,red,1,2.992877,14.804167,0
303,12.354555,341.613251,35,32,28,black,34,2.830768,16.320833,0
304,11.732981,206.334630,21,20,24,black,36,2.934948,14.675000,0
305,11.746957,248.370500,25,25,14,red,0,2.945105,15.254167,0
306,11.891114,70.404420,7,1,32,red,31,2.724580,15.091667,0
307,11.572014,307.106279,31,29,18,red,35,2.897931,14.695833,0
308,12.145242,246.876346,25,19,5,red,31,2.742292,14.216667,0
309,11.694069,160.774566,16,9,34,red,30,2.707014,14.158333,0
310,12.425708,340.564260,35,31,7,red,33,2.762859,15.137500,0
311,11.706440,292.234871,30,29,18,red,36,2.967480,14.683333,0
312,12.156341,277.775000,28,31,7,red,3,3.053605,15.116667,0
313,11.823149,7.373353,0,36,26,black,36,2.923588,15.612500,0
314,11.542464,185.258398,19,21,16,red,2,3.033384,15.854167,0
315,12.407864,41.891061,4,0,0,green,33,2.778646,15.129167,0
316,12.113062,317.351562,32,26,31,black,31,2.737213,15.862500,0
317,12.262253,3.826595,0,31,7,red,31,2.745880,14.079167,0
318,11.888496,348.893621,35,29,18,red,31,2.730832,15.816667,0
319,12.412637,290.023007,29,24,20,black,32,2.758572,15.795833,0
320,11.874928,58.393094,6,36,26,black,30,2.719900,14.241667,0
321,12.120561,45.852213,4,1,32,red,34,2.755846,14.633333,0
322,11.529447,64.101021,6,4,4,black,35,2.901430,14.570833,0
323,11.849158,225.077240,23,20,24,black,34,2.877450,15.250000,0
324,11.573965,196.719914,20,17,23,red,34,2.913602,14.258333,0
325,12.324404,295.247249,30,25,14,red,32,2.747724,15.087500,0
326,11.809447,17.017718,1,31,7,red,30,2.692819,14.712500,0
327,11.905824,115.627637,11,6,2,black,32,2.734587,14.883333,0
328,12.471084,83.174124,8,5,21,red,34,2.793102,15.104167,0
329,11.554072,176.072872,18,17,23,red,36,2.942817,15.075000,0
330,12.321255,241.115185,24,20,24,black,33,2.783780,14.500000,0
331,11.674362,275.188992,28,28,22,black,0,2.987460,14.795833,0
332,11.721779,170.063961,17,13,36,red,33,2.871411,14.025000,0
333,12.235052,339.502525,34,29,18,red,32,2.759664,14.070833,0
334,11.630574,121.181067,12,12,13,black,0,2.958250,14.762500,0
335,11.647996,169.977767,17,18,10,black,1,2.981526,15.558333,0
336,11.808221,18.174916,1,31,7,red,30,2.702699,16.525000,0
337,12.082185,21.894747,2,32,28,black,30,2.720407,15.750000,0
338,12.103037,125.652514,12,6,2,black,31,2.750787,13.795833,0
339,11.592946,349.156482,35,1,32,red,3,3.022937,15.745833,0
340,11.703274,343.172130,35,36,26,black,1,3.013965,15.004167,0
341,11.732803,356.627291,36,1,32,red,2,3.020408,15.300000,0
342,11.889927,149.470880,15,8,17,black,30,2.716281,15.666667,0
343,12.393640,167.776293,17,13,36,red,33,2.781963,14.866667,0
344,11.589335,125.031548,12,11,27,red,36,2.909124,14.766667,0
345,11.864674,292.462483,30,24,20,black,31,2.714615,14.633333,0
346,12.475301,290.474609,29,25,14,red,33,2.782217,16.358333,0
347,12.107744,129.772784,13,7,25,red,31,2.743376,15.870833,0
348,12.077972,223.192119,22,17,23,red,32,2.738060,14.729167,0
349,11.569375,171.706479,17,15,30,red,35,2.902581,14.329167,0
350,11.729722,93.792601,9,7,25,red,35,2.896310,14.675000,0
351,11.704582,312.584195,32,31,7,red,36,2.933929,15.362500,0
352,11.599382,251.329399,25,16,8,black,28,2.653618,13.704167,0
353,12.281236,32.722069,3,6,2,black,3,3.031478,15.825000,0
354,11.964313,203.651545,20,14,11,black,31,2.723072,14.333333,0
355,11.758237,277.256989,28,30,29,black,2,3.030962,15.075000,0
356,11.517943,284.137733,29,32,28,black,3,3.057363,15.554167,0
357,11.727460,287.674008,29,27,9,red,35,2.922020,14.454167,0
358,11.595036,253.591034,26,23,1,red,34,2.907427,14.479167,0
359,11.969719,229.116287,23,18,10,black,32,2.728435,14.183333,0
360,11.860851,330.161394,33,28,22,black,32,2.719512,14.241667,0
361,12.485225,257.674397,26,23,1,red,34,2.781091,15.162500,0
362,12.020660,292.534456,30,23,1,red,30,2.728721,14.595833,0
363,12.407817,31.339195,3,8,17,black,5,3.112183,15.391667,0
364,12.257097,208.016479,21,24,20,black,3,3.061768,15.804167,0
365,11.988245,314.347867,32,29,18,red,34,2.804170,14.995833,0
366,12.024169,165.165460,16,10,6,black,31,2.729437,16.416667,0
367,12.361708,154.646677,15,11,27,red,33,2.781742,15.395833,0
368,12.336824,286.935874,29,24,20,black,32,2.766713,15.937500,0
369,11.880438,325.768717,33,28,22,black,32,2.723592,14.637500,0
370,11.763719,213.180522,21,23,1,red,2,2.993348,16.150000,0
371,11.642662,215.447223,22,14,11,black,29,2.697049,13.891667,0
372,12.359436,249.087694,25,20,24,black,32,2.759164,14.408333,0
373,11.773719,147.685502,15,9,34,red,31,2.706716,14.375000,0
374,11.994957,59.211040,6,4,4,black,35,2.910689,14.687500,0
375,11.731475,100.426340,10,4,4,black,31,2.712089,14.120833,0
376,11.647438,111.625479,11,5,21,red,31,2.725818,14.695833,0
377,11.500351,209.882549,21,18,10,black,34,2.875285,14.250000,0
378,12.233470,162.674533,16,17,23,red,1,2.977375,14.841667,0
379,11.884131,176.338653,18,14,11,black,33,2.864535,14.633333,0
380,12.257462,45.060322,4,36,26,black,32,2.761474,15.891667,0
381,11.552899,206.947649,21,11,27,red,27,2.664148,13.858333,0
382,12.153136,104.756806,10,8,17,black,35,2.822385,14.270833,0
383,12.455953,107.657473,11,9,34,red,35,2.908719,14.716667,0
384,12.039222,266.027090,27,28,22,black,1,2.985771,15.400000,0
385,11.965983,77.119412,7,1,32,red,31,2.723390,14.270833,0
386,12.207285,255.854682,26,20,24,black,31,2.747754,16.375000,0
387,12.459048,35.171414,3,36,26,black,33,2.789209,16.104167,0
388,11.926600,10.276914,1,1,32,red,0,2.971818,14.845833,0
389,11.688385,203.840103,20,15,30,red,32,2.757869,14.295833,0
390,11.651059,159.917669,16,14,11,black,35,2.935024,14.395833,0
391,12.347834,268.170866,27,22,33,black,32,2.763064,15.262500,0
392,11.827064,295.195437,30,29,18,red,36,2.938412,14.504167,0
393,12.249985,184.314148,18,13,36,red,32,2.754366,14.979167,0
394,11.537369,166.031527,17,18,10,black,1,3.011315,15.120833,0
395,11.521776,64.060308,6,4,4,black,35,2.900383,14.616667,0
396,12.274382,354.660820,36,2,15,black,3,3.064671,14.908333,0
397,11.813758,52.945112,5,35,3,red,30,2.715379,14.187500,0
398,11.866755,210.613014,21,14,11,black,30,2.708703,16.258333,0
399,12.086160,205.078035,21,15,30,red,31,2.733751,14.100000,0
400,11.759929,315.961398,32,29,18,red,34,2.905039,14.470833,0
401,12.135942,76.437054,7,3,19,red,33,2.746305,14.366667,0
402,11.600127,255.901606,26,26,31,black,0,2.982006,14.866667,0
403,11.886636,256.663687,26,19,5,red,30,2.712812,14.320833,0
404,12.437091,336.123993,34,30,29,black,33,2.793298,16.283333,0
405,12.026368,162.783098,16,10,6,black,31,2.735844,14.079167,0
406,12.427981,50.728071,5,1,32,red,33,2.857717,14.433333,0
407,11.998600,17.255245,1,32,28,black,31,2.730481,14.391667,0
408,11.668255,106.070355,10,8,17,black,35,2.890144,14.345833,0
409,11.895237,137.302894,14,8,17,black,31,2.733159,14.754167,0
410,11.640046,64.718803,6,3,19,red,34,2.874764,14.404167,0
411,12.017372,219.767041,22,17,23,red,32,2.767831,16.641667,0
412,12.412146,341.724738,35,30,29,black,32,2.756034,15.212500,0
413,12.179368,140.090714,14,11,27,red,34,2.891030,14.333333,0
414,11.533774,105.884176,10,13,36,red,3,3.050032,15.133333,0
415,12.024933,225.962996,23,25,14,red,2,3.036534,14.991667,0
416,11.667212,235.424230,24,23,1,red,36,2.952607,14.683333,0
417,12.229509,240.612762,24,19,5,red,32,2.759009,13.833333,0
418,11.635820,52.480474,5,1,32,red,33,2.850225,14.433333,0
419,11.578857,211.420154,21,22,33,black,1,2.994087,15.029167,0
420,12.162905,280.293716,28,26,31,black,35,2.898996,14.775000,0
421,12.201146,12.921016,1,33,12,red,32,2.771767,16.341667,0
422,12.278177,86.421287,8,7,25,red,36,2.935693,14.687500,0
423,12.206440,268.071394,27,22,33,black,32,2.789041,13.791667,0
424,12.318390,150.158430,15,11,27,red,33,2.768503,15.195833,0
425,11.521704,243.030271,24,25,14,red,1,2.983071,14.658333,0
426,12.050973,273.605914,28,29,18,red,1,3.013656,14.950000,0
427,12.428377,6.899636,0,33,12,red,33,2.772066,14.450000,0
428,12.305698,74.761877,7,3,19,red,33,2.765507,14.866667,0
429,12.299029,48.982194,5,36,26,black,31,2.754321,15.875000,0
430,12.072908,150.813826,15,9,34,red,31,2.742268,16.491667,0
431,12.125759,176.674864,18,13,36,red,32,2.852148,14.270833,0
432,12.397396,199.558543,20,15,30,red,32,2.765147,16.320833,0
433,11.712691,236.707438,24,27,9,red,3,3.064795,15.329167,0
434,12.267997,289.923605,29,24,20,black,32,2.757434,16.295833,0
435,12.279631,211.247805,21,24,20,black,3,3.026143,15.683333,0
436,11.935056,4.554347,0,0,0,green,0,2.960651,15.145833,0
437,12.287268,116.531922,11,12,13,black,1,2.984300,14.762500,0
438,11.669645,94.087654,9,7,25,red,35,2.897444,14.533333,0
439,11.579700,143.185681,14,14,11,black,0,2.947018,14.708333,0
440,11.750845,350.781778,36,28,22,black,29,2.699150,16.237500,0
441,12.187680,8.214568,0,32,28,black,32,2.752356,14.562500,0
442,12.297733,241.196654,24,19,5,red,32,2.834862,14.845833,0
443,12.137719,108.797791,11,13,36,red,2,3.046081,14.845833,0
444,11.777991,160.628635,16,18,10,black,2,3.020045,14.820833,0
445,11.711958,88.760368,9,8,17,black,36,2.968236,14.600000,0
446,12.314677,46.028329,4,7,25,red,3,3.024051,15.250000,0
447,11.818644,342.387951,35,34,35,black,36,2.962949,14.729167,0
448,12.325507,288.530628,29,28,22,black,36,2.787127,14.829167,0
449,12.015276,139.735494,14,8,17,black,31,2.816076,15.416667,0
450,11.752983,249.514256,25,20,24,black,32,2.725306,14.191667,0
451,11.831337,95.696481,9,6,2,black,34,2.866111,14.720833,0
452,12.385650,329.160231,33,28,22,black,32,2.758315,15.929167,0
453,11.675524,6.601099,0,36,26,black,36,2.939211,14.566667,0
454,11.699366,317.811034,32,32,28,black,0,2.952841,14.658333,0
455,11.646186,91.235083,9,7,25,red,35,2.900158,14.804167,0
456,11.650522,231.319703,23,18,10,black,32,2.837837,14.229167,0
457,11.612523,43.763980,4,3,19,red,36,2.952219,14.612500,0
458,12.424837,125.676670,12,12,13,black,0,2.950073,14.691667,0
459,11.505141,304.878094,31,31,7,red,0,2.986119,14.908333,0
460,11.849055,104.894105,10,7,25,red,34,2.868773,14.441667,0
461,12.123197,246.326844,25,20,24,black,32,2.749094,14.437500,0
462,12.121779,114.489057,11,8,17,black,34,2.867290,14.729167,0
463,12.060295,155.802985,16,10,6,black,31,2.731934,15.183333,0
464,11.721993,172.170017,17,15,30,red,35,2.901453,14.783333,0
465,11.667320,99.539956,10,2,15,black,29,2.697092,14.491667,0
466,11.579653,225.863712,23,24,20,black,1,3.012514,15.087500,0
467,12.080638,19.167419,1,34,35,black,33,2.763039,14.758333,0
468,12.340623,151.355024,15,14,11,black,36,2.930681,14.725000,0
469,12.311014,103.792602,10,15,30,red,5,3.076155,15.545833,0
470,11.707218,317.813042,32,29,18,red,34,2.894115,14.250000,0
471,11.766490,38.029550,3,4,4,black,1,2.971308,14.787500,0
472,12.123355,289.105666,29,33,12,red,4,3.083248,15.020833,0
473,11.552884,95.369547,9,7,25,red,35,2.896391,15.120833,0
474,12.150858,138.020448,14,14,11,black,0,2.958331,14.791667,0
475,11.940571,223.522877,22,22,33,black,0,2.937299,14.716667,0
476,11.875973,268.149587,27,20,24,black,30,2.709369,14.870833,0
477,11.850255,78.521039,8,1,32,red,30,2.727293,15.125000,0
478,11.605557,84.872606,8,8,17,black,0,2.970710,14.733333,0
479,12.140544,9.763739,1,6,2,black,5,3.106579,15.508333,0
480,11.733456,233.575756,24,17,23,red,30,2.708749,13.920833,0
481,12.270911,260.665966,26,23,1,red,34,2.770709,14.479167,0
482,11.865638,184.760230,18,13,36,red,32,2.730628,14.779167,0
483,12.226041,215.352572,22,19,5,red,34,2.882885,15.487500,0
484,12.036180,298.491873,30,24,20,black,31,2.734697,14.950000,0
485,12.182174,238.831780,24,19,5,red,32,2.759134,14.495833,0
486,12.011160,318.295632,32,32,28,black,0,2.974125,14.529167,0
487,12.430636,37.076329,3,1,32,red,35,2.890661,14.812500,0
488,12.189448,293.016378,30,32,28,black,2,3.032748,14.633333,0
489,11.689313,322.991653,33,31,7,red,35,2.915938,15.087500,0
490,11.540413,45.447556,4,5,21,red,1,3.002407,14.983333,0
491,12.222690,195.574668,20,17,23,red,34,2.884480,14.679167,0
492,12.188062,223.902897,23,24,20,black,1,3.000808,15.179167,0
493,11.935475,195.071375,20,22,33,black,2,3.036495,14.729167,0
494,11.730775,283.662077,29,31,7,red,2,3.039914,15.254167,0
495,12.214240,134.283662,13,17,23,red,4,3.051106,15.729167,0
496,11.813830,179.295606,18,10,6,black,29,2.711018,13.479167,0
497,12.404221,174.182477,17,14,11,black,34,2.772919,14.470833,0
498,11.909965,89.304993,9,2,15,black,30,2.718488,14.345833,0
499,11.583809,358.940370,36,2,15,black,3,3.036932,15.316667,0
500,12.081534,202.646856,20,14,11,black,31,2.731510,15.904167,0
501,11.772313,87.271825,8,12,13,black,4,3.062226,15.079167,0
502,12.153368,22.769961,2,33,12,red,31,2.745714,14.708333,0
503,12.308433,147.490241,15,16,8,black,1,2.996401,14.670833,0
504,11.917418,193.373775,19,25,14,red,6,3.130632,16.162500,0
505,11.916651,224.646012,23,16,8,black,30,2.805300,13.808333,0
506,12.282216,245.103778,25,23,1,red,35,2.918890,14.608333,0
507,12.042820,21.366313,2,2,15,black,0,2.983051,14.675000,0
508,12.203230,169.682111,17,12,13,black,32,2.766951,16.141667,0
509,12.272991,110.805443,11,7,25,red,33,2.782235,14.133333,0
510,11.945556,216.763286,22,15,30,red,30,2.717079,16.658333,0
511,12.225366,331.508451,34,30,29,black,33,2.763591,14.520833,0
512,11.658451,43.682493,4,3,19,red,36,2.920378,14.995833,0
513,11.550724,182.245152,18,16,8,black,35,2.904796,14.470833,0
514,11.844972,341.334708,35,30,29,black,32,2.832393,14.466667,0
515,12.391958,87.979166,9,4,4,black,32,2.777012,16.366667,0
516,11.643791,238.187357,24,20,24,black,33,2.868163,14.308333,0
517,11.937141,103.617063,10,4,4,black,31,2.736113,14.079167,0
518,12.121645,81.704589,8,9,34,red,1,2.976302,15.529167,0
519,11.717304,310.997707,31,31,7,red,0,2.953072,14.870833,0
520,11.667501,348.763263,35,28,22,black,30,2.710732,16.091667,0
521,12.332958,302.601627,31,30,29,black,36,2.967695,14.729167,0
522,11.846458,50.405345,5,9,34,red,4,3.073676,15.554167,0
523,12.048339,0.789457,0,34,35,black,34,2.745596,14.954167,0
524,11.768619,218.161005,22,23,1,red,1,2.991137,14.762500,0
525,12.201533,205.123746,21,23,1,red,2,3.033028,14.870833,0
526,12.034865,64.323158,6,1,32,red,32,2.837233,14.175000,0
527,12.369245,352.117268,36,3,19,red,4,3.072280,16.445833,0
528,12.397383,335.905521,34,29,18,red,32,2.764092,15.454167,0
529,11.574133,148.245674,15,12,13,black,34,2.893909,14.641667,0
530,11.724813,309.137487,31,24,20,black,30,2.702994,15.087500,0
531,12.347815,43.507667,4,36,26,black,32,2.766462,15.787500,0
532,12.173653,65.844438,6,11,27,red,5,3.089674,15.633333,0
533,11.504225,182.645932,18,17,23,red,36,2.950330,14.541667,0
534,12.466126,325.238767,33,30,29,black,34,2.829136,16.400000,0
535,11.876508,332.326745,34,29,18,red,32,2.728979,14.433333,0
536,11.639673,257.384068,26,24,20,black,35,2.908763,15.095833,0
537,12.480724,308.461444,31,28,22,black,34,2.777462,15.829167,0
538,12.170313,139.213389,14,8,17,black,31,2.743814,15.920833,0
539,11.707411,54.455557,5,5,21,red,0,2.957444,16.195833,0
540,11.539732,164.180990,16,15,30,red,36,2.910645,14.833333,0
541,11.763414,121.014292,12,5,21,red,30,2.710464,14.658333,0
542,11.561049,110.671767,11,9,34,red,35,2.907717,15.695833,0
543,12.303413,147.967769,15,13,36,red,35,2.908470,15.362500,0
544,11.946562,94.044572,9,2,15,black,30,2.732764,14.266667,0
545,11.966599,335.505332,34,36,26,black,2,3.041018,14.875000,0
546,11.941227,100.891608,10,4,4,black,31,2.730828,14.975000,0
547,12.495370,149.863550,15,21,16,red,6,3.120290,15.229167,0
548,12.316711,137.806657,14,16,8,black,2,3.018445,15.566667,0
549,11.971459,185.346977,19,12,13,black,30,2.728576,14.037500,0
550,12.005207,285.303946,29,23,1,red,31,2.726578,14.691667,0
551,11.528932,311.261476,31,29,18,red,35,2.912043,14.508333,0
552,11.713187,91.252556,9,8,17,black,36,2.957308,14.533333,0
553,12.391894,194.617747,20,16,8,black,33,2.781233,15.587500,0
554,11.888663,123.065275,12,5,21,red,30,2.736503,14.404167,0
555,11.832973,210.714537,21,20,24,black,36,2.950759,14.350000,0
556,11.660567,91.168498,9,8,17,black,36,2.962656,14.375000,0
557,11.879806,9.301178,0,5,21,red,5,3.101813,15.529167,0
558,11.927716,55.249871,5,6,2,black,1,2.973663,15.450000,0
559,12.383382,207.702685,21,16,8,black,32,2.770568,16.045833,0
560,12.282636,86.836513,8,4,4,black,33,2.779838,15.470833,0
561,11.507536,266.487057,27,24,20,black,34,2.898011,14.329167,0
562,11.506065,273.618815,28,21,16,red,30,2.725472,14.512500,0
563,12.389735,348.127334,35,31,7,red,33,2.766424,14.841667,0
564,12.272354,332.302260,34,31,7,red,34,2.767282,14.875000,0
565,12.092689,123.540409,12,6,2,black,31,2.732529,15.679167,0
566,12.173731,193.447671,19,14,11,black,32,2.756672,15.933333,0
567,11.511105,307.826499,31,29,18,red,35,2.898882,14.404167,0
568,12.496861,262.004512,26,22,33,black,33,2.785944,14.287500,0
569,12.341957,129.802531,13,8,17,black,32,2.768940,16.354167,0
570,12.385630,302.406381,31,28,22,black,34,2.884949,14.670833,0
571,11.668816,73.789835,7,36,26,black,29,2.682788,15.900000,0
572,11.765597,213.994829,21,13,36,red,29,2.695783,13.458333,0
573,11.958790,263.611851,27,24,20,black,34,2.887114,14.583333,0
574,12.143731,327.968329,33,27,9,red,31,2.732690,15.862500,0
575,11.587145,253.937100,26,24,20,black,35,2.908926,15.395833,0
576,12.115013,128.202830,13,10,6,black,34,2.909246,14.437500,0
577,11.793175,323.540676,33,34,35,black,1,3.001455,15.175000,0
578,11.819252,283.646543,29,23,1,red,31,2.831778,13.987500,0
579,12.319240,268.995895,27,30,29,black,3,3.031765,15.087500,0
580,11.914779,100.964509,10,4,4,black,31,2.723079,14.970833,0
581,11.564731,100.752142,10,7,25,red,34,2.867883,15.204167,0
582,12.279858,183.099776,18,13,36,red,32,2.762669,14.700000,0
583,11.701260,318.892564,32,25,14,red,30,2.695931,14.570833,0
584,12.321597,304.068857,31,27,9,red,33,2.758481,14.662500,0
585,12.490025,32.920283,3,36,26,black,33,2.866238,14.266667,0
586,11.807149,155.917463,16,16,8,black,0,2.992889,14.729167,0
587,11.936311,9.747363,1,6,2,black,5,3.103257,15.883333,0
588,11.691260,316.601637,32,30,29,black,35,2.903104,14.358333,0
589,12.092918,210.325694,21,15,30,red,31,2.737044,14.033333,0
590,12.311272,46.400520,4,11,27,red,7,3.162764,15.454167,0
591,11.702103,236.757462,24,27,9,red,3,3.054787,15.300000,0
592,12.352943,319.800149,32,31,7,red,36,2.778757,14.845833,0
593,12.392538,7.897582,0,33,12,red,33,2.779702,14.450000,0
594,11.733647,242.797190,24,24,20,black,0,2.935606,15.054167,0
595,12.041323,43.720703,4,34,35,black,30,2.733202,15.808333,0
596,11.864547,267.502970,27,27,9,red,0,2.968414,14.970833,0
597,12.221459,11.592510,1,4,4,black,3,3.045061,15.241667,0
598,11.729713,300.456286,30,30,29,black,0,2.958371,14.475000,0
599,12.208356,106.128967,10,5,21,red,32,2.751794,15.429167,0
600,12.113280,235.084438,24,18,10,black,31,2.747055,15.416667,0
601,11.970984,310.611606,31,29,18,red,35,2.840100,14.233333,0
602,12.192149,244.707617,25,25,14,red,0,2.971757,14.666667,0
603,12.032861,235.827048,24,22,33,black,35,2.811726,14.475000,0
604,11.720718,228.202911,23,16,8,black,30,2.695965,14.858333,0
605,11.822713,128.112416,13,8,17,black,32,2.750405,15.083333,0
606,11.598982,162.441925,16,14,11,black,35,2.884436,14.883333,0
607,11.604937,290.518670,29,27,9,red,35,2.906570,14.691667,0
608,12.001596,96.150543,9,4,4,black,32,2.736062,14.779167,0
609,12.087458,336.920573,34,28,22,black,31,2.739042,16.454167,0
610,12.182571,339.058243,34,29,18,red,32,2.754485,14.437500,0
611,12.495573,24.427462,2,1,32,red,36,2.933582,14.554167,0
612,11.529072,350.166676,35,33,12,red,35,2.890692,14.279167,0
613,11.698611,31.714691,3,32,28,black,29,2.691598,15.879167,0
614,11.752931,123.536153,12,5,21,red,30,2.704302,15.075000,0
615,12.189879,33.473794,3,36,26,black,33,2.797684,14.258333,0
616,12.355117,36.363795,3,2,15,black,36,2.782032,14.912500,0
617,12.262776,331.629575,34,29,18,red,32,2.778147,14.908333,0
618,11.793949,15.786653,1,32,28,black,31,2.715384,14.916667,0
619,11.506927,309.546268,31,29,18,red,35,2.917053,14.262500,0
620,11.956744,303.475664,31,31,7,red,0,2.970317,14.720833,0
621,11.635440,333.402318,34,30,29,black,33,2.858853,14.179167,0
622,12.042578,296.114489,30,30,29,black,0,2.982122,14.437500,0
623,12.076644,95.274811,9,3,19,red,31,2.734241,15.816667,0
624,12.174458,195.152567,20,14,11,black,31,2.749365,15.229167,0
625,11.708327,43.510607,4,2,15,black,35,2.917395,14.633333,0
626,11.691906,318.117663,32,31,7,red,36,2.913448,14.762500,0
627,11.975829,261.582204,26,20,24,black,31,2.722531,14.279167,0
628,11.515522,142.095875,14,15,30,red,1,3.005639,14.937500,0
629,11.659552,110.828019,11,13,36,red,2,3.038729,15.045833,0
630,12.381861,263.940872,27,31,7,red,4,3.072992,15.008333,0
631,12.349153,208.012688,21,16,8,black,32,2.769661,16.308333,0
632,12.041044,243.716141,25,19,5,red,31,2.733400,14.791667,0
633,11.752352,78.848097,8,3,19,red,32,2.837148,14.583333,0
634,11.503486,321.515659,33,35,3,red,2,3.024316,15.587500,0
635,12.115325,318.403942,32,26,31,black,31,2.736265,14.004167,0
636,11.669191,328.762742,33,0,0,green,4,3.049068,15.387500,0
637,12.315649,346.471101,35,30,29,black,32,2.768055,15.920833,0
638,11.522564,242.360775,24,23,1,red,36,2.933407,14.670833,0
639,12.446160,183.434552,18,14,11,black,33,2.782663,13.966667,0
640,12.197041,189.208977,19,13,36,red,31,2.742170,14.045833,0
641,11.953158,135.486338,13,15,30,red,2,3.019402,15.137500,0
642,11.582230,349.521899,35,36,26,black,1,2.986230,15.175000,0
643,11.820233,347.095157,35,32,28,black,34,2.890530,14.195833,0
644,12.304740,190.654067,19,14,11,black,32,2.765914,14.179167,0
645,12.051300,96.695408,9,8,17,black,36,2.820598,14.420833,0
646,12.211085,274.528950,28,22,33,black,31,2.745296,16.145833,0
647,11.786197,44.277159,4,35,3,red,31,2.718938,14.608333,0
648,12.410314,178.573731,18,18,10,black,0,2.959607,14.879167,0
649,11.653703,147.338470,15,18,10,black,3,3.067053,15.395833,0
650,12.091674,235.165029,24,28,22,black,4,3.067586,15.654167,0
651,11.971911,319.939867,32,28,22,black,33,2.736076,14.475000,0
652,12.208379,105.955587,10,5,21,red,32,2.754376,15.979167,0
653,12.292418,143.545471,14,10,6,black,33,2.870499,14.116667,0
654,11.903108,261.118400,26,27,9,red,1,2.996301,14.883333,0
655,11.848244,331.682827,34,31,7,red,34,2.887096,14.625000,0
656,11.865260,98.538306,10,2,15,black,29,2.720745,15.779167,0
657,12.488245,359.957354,36,32,28,black,33,2.782353,14.204167,0
658,11.932611,157.494378,16,10,6,black,31,2.740727,15.262500,0
659,11.885670,43.830217,4,6,2,black,2,3.007488,14.950000,0
660,11.790123,200.336803,20,12,13,black,29,2.705815,13.562500,0
661,12.442063,21.582532,2,36,26,black,34,2.886996,14.504167,0
662,11.620574,176.021680,18,10,6,black,29,2.695005,16.183333,0
663,11.993132,17.607782,1,32,28,black,31,2.728210,15.212500,0
664,11.502197,182.850203,18,18,10,black,0,2.976401,14.741667,0
665,12.171305,298.004707,30,27,9,red,34,2.871192,14.600000,0
666,11.717581,221.397191,22,20,24,black,35,2.916748,14.425000,0
667,11.589690,146.075374,15,12,13,black,34,2.914150,14.229167,0
668,12.140326,19.502526,2,33,12,red,31,2.752559,16.000000,0
669,12.159310,154.876319,15,18,10,black,3,3.023222,15.191667,0
670,11.659862,247.276193,25,18,10,black,30,2.696295,14.600000,0
671,12.164402,225.930647,23,16,8,black,30,2.722128,14.316667,0
672,12.101451,53.506814,5,36,26,black,31,2.740217,15.887500,0
673,11.787220,37.019695,3,33,12,red,30,2.705900,15.700000,0
674,11.515288,162.512659,16,18,10,black,2,3.011956,15.666667,0
675,12.218956,222.466035,22,26,31,black,4,3.070391,15.191667,0
676,12.491325,198.864510,20,17,23,red,34,2.778064,14.587500,0
677,11.618643,59.094503,6,4,4,black,35,2.913139,14.475000,0
678,11.856452,96.626782,9,9,34,red,0,2.969874,14.487500,0
679,12.220126,72.723261,7,2,15,black,32,2.744432,15.008333,0
680,12.328850,271.902401,27,24,20,black,34,2.873463,14.966667,0
681,12.084677,92.455190,9,13,36,red,4,3.087713,15.216667,0
682,11.973484,11.807393,1,36,26,black,35,2.819443,14.387500,0
683,12.186800,241.985981,24,18,10,black,31,2.756073,13.966667,0
684,11.693929,35.576886,3,3,19,red,0,2.971431,14.879167,0
685,12.200134,66.717847,6,7,25,red,1,2.965904,14.833333,0
686,11.674394,156.971730,16,16,8,black,0,2.964573,15.258333,0
687,12.480270,176.263057,18,13,36,red,32,2.780830,14.729167,0
688,11.954493,290.706215,29,26,31,black,34,2.860945,14.516667,0
689,12.179603,340.066190,34,29,18,red,32,2.752582,15.279167,0
690,11.628172,101.663515,10,10,6,black,0,2.973213,14.970833,0
691,11.906592,215.843871,22,15,30,red,30,2.720860,15.770833,0
692,11.705415,269.613207,27,28,22,black,1,2.995062,15.112500,0
693,11.685985,294.736630,30,28,22,black,35,2.919418,14.900000,0
694,11.552437,79.219403,8,9,34,red,1,2.994095,14.766667,0
695,11.619800,207.694504,21,16,8,black,32,2.751197,14.787500,0
696,11.894694,259.004544,26,21,16,red,32,2.744463,14.870833,0
697,12.464115,55.481661,5,5,21,red,0,2.973310,15.050000,0
698,11.932593,310.924183,31,27,9,red,33,2.760903,14.975000,0
699,12.297728,162.058999,16,21,16,red,5,3.099167,15.050000,0
700,11.760282,293.965168,30,28,22,black,35,2.915561,14.604167,0
701,12.168111,221.534711,22,30,29,black,8,3.162349,16.041667,0
702,12.101253,322.798314,33,35,3,red,2,3.025519,15.008333,0
703,12.395299,292.510163,30,26,31,black,33,2.778610,15.425000,0
704,11.727565,147.177122,15,12,13,black,34,2.910523,14.304167,0
705,11.833059,329.515710,33,26,31,black,30,2.707217,14.520833,0
706,11.644166,338.902570,34,31,7,red,34,2.889864,14.250000,0
707,12.118773,83.287067,8,4,4,black,33,2.792540,14.195833,0
708,11.912200,31.610639,3,1,32,red,35,2.908160,14.995833,0
709,11.622577,215.641003,22,20,24,black,35,2.912463,14.720833,0
710,12.084473,30.987673,3,2,15,black,36,2.948760,14.645833,0
711,12.461597,311.981173,32,30,29,black,35,2.912973,14.800000,0
712,12.212055,290.517038,29,23,1,red,31,2.752456,13.616667,0
713,11.639431,94.742947,9,8,17,black,36,2.947756,14.416667,0
714,12.083354,332.767306,34,3,19,red,6,3.152187,15.508333,0
715,12.491852,109.635202,11,6,2,black,32,2.773942,15.954167,0
716,12.298919,224.764271,23,19,5,red,33,2.881314,14.979167,0
717,11.725124,324.364954,33,25,14,red,29,2.701703,15.695833,0
718,11.547401,214.061027,22,22,33,black,0,2.973319,14.704167,0
719,12.150885,118.201107,12,7,25,red,32,2.752958,15.370833,0
720,12.299130,227.774787,23,18,10,black,32,2.769894,15.891667,0
721,12.389703,279.275273,28,25,14,red,34,2.869161,14.737500,0
722,11.692938,236.476952,24,27,9,red,3,3.057806,15.245833,0
723,12.085502,239.103982,24,17,23,red,30,2.733380,13.587500,0
724,12.473157,233.280557,23,19,5,red,33,2.778904,14.012500,0
725,11.750425,57.485310,5,1,32,red,33,2.845712,14.054167,0
726,11.771729,303.704155,31,30,29,black,36,2.945196,14.558333,0
727,11.508689,215.920199,22,20,24,black,35,2.934307,14.445833,0
728,12.413700,125.032317,12,9,34,red,34,2.876007,14.362500,0
729,12.021395,138.837565,14,14,11,black,0,2.967239,14.804167,0
730,11.607041,111.884431,11,9,34,red,35,2.898850,15.062500,0
731,11.927218,309.777074,31,25,14,red,31,2.724339,15.100000,0
732,12.389815,344.284778,35,31,7,red,33,2.777644,14.970833,0
733,11.778828,87.592859,9,2,15,black,30,2.707790,13.904167,0
734,12.133284,309.650828,31,28,22,black,34,2.747165,14.887500,0
735,12.227007,237.960254,24,27,9,red,3,3.042371,15.583333,0
736,12.009026,81.994875,8,1,32,red,30,2.712385,15.845833,0
737,11.629076,319.012337,32,30,29,black,35,2.903329,14.491667,0
738,12.251375,358.040436,36,30,29,black,31,2.733003,15.879167,0
739,11.971294,268.442655,27,30,29,black,3,3.043901,15.250000,0
740,12.244298,250.795714,25,20,24,black,32,2.760319,14.187500,0
741,11.603787,338.816486,34,33,12,red,36,2.922289,14.570833,0
742,11.883353,272.417950,27,30,29,black,3,3.035935,15.820833,0
743,11.757745,38.888752,3,2,15,black,36,2.927220,14.554167,0
744,12.006044,152.159827,15,17,23,red,2,3.030563,14.775000,0
745,12.308186,118.276704,12,9,34,red,34,2.809331,15.495833,0
746,12.418811,239.047569,24,20,24,black,33,2.786999,14.608333,0
747,11.979050,232.020799,23,26,31,black,3,3.018523,15.704167,0
748,12.405505,17.768296,1,33,12,red,32,2.761204,14.795833,0
749,12.195965,303.299664,31,25,14,red,31,2.730711,14.062500,0
750,12.214909,306.393874,31,28,22,black,34,2.891731,14.350000,0
751,12.223087,333.221407,34,35,3,red,1,2.982276,14.958333,0
752,11.529136,52.484685,5,3,19,red,35,2.918289,14.883333,0
753,11.823007,139.723953,14,15,30,red,1,2.984915,15.225000,0
754,11.749449,38.278353,3,4,4,black,1,2.993699,15.058333,0
755,11.972847,124.327693,12,14,11,black,2,3.001860,14.829167,0
756,11.772245,183.805116,18,21,16,red,3,3.025084,17.470833,0
757,12.108495,17.950033,1,3,19,red,2,3.000418,15.387500,0
758,12.326845,118.276858,12,11,27,red,36,2.937384,14.970833,0
759,11.500332,155.819960,16,14,11,black,35,2.935461,14.500000,0
760,12.398621,201.735636,20,25,14,red,5,3.090663,15.775000,0
761,11.703109,215.792047,22,23,1,red,1,2.998196,14.954167,0
762,12.010950,244.340946,25,17,23,red,29,2.707169,15.783333,0
763,11.895513,130.640040,13,6,2,black,30,2.718834,13.933333,0
764,11.987449,300.948828,30,33,12,red,3,3.026331,15.179167,0
765,11.779529,259.294302,26,20,24,black,31,2.714491,14.766667,0
766,11.694905,215.764621,22,19,5,red,34,2.883212,14.554167,0
767,12.487673,123.549036,12,16,8,black,4,3.058631,15.012500,0
768,11.620643,66.794188,6,6,2,black,0,2.963014,14.916667,0
769,11.590957,294.399379,30,30,29,black,0,2.959169,15.229167,0
770,11.645291,50.878708,5,6,2,black,1,2.992668,15.312500,0
771,12.276128,176.870254,18,20,24,black,2,3.016178,15.150000,0
772,12.448471,267.988824,27,23,1,red,33,2.817086,14.945833,0
773,12.272489,174.189649,17,12,13,black,32,2.758599,14.150000,0
774,11.986757,298.954675,30,24,20,black,31,2.728267,14.208333,0
775,11.938875,92.222495,9,9,34,red,0,2.965024,14.612500,0
776,12.180517,49.492970,5,1,32,red,33,2.782050,14.891667,0
777,11.548131,178.312797,18,16,8,black,35,2.905370,14.433333,0
778,12.317692,119.107074,12,7,25,red,32,2.773952,16.641667,0
779,11.558021,112.194403,11,9,34,red,35,2.891080,14.654167,0
780,12.340162,318.109581,32,36,26,black,4,3.059290,15.012500,0
781,11.830956,226.106490,23,16,8,black,30,2.721450,13.941667,0
782,12.425159,317.464057,32,32,28,black,0,2.953623,14.833333,0
783,11.500302,326.709968,33,34,35,black,1,3.001657,15.112500,0
784,11.997590,33.434422,3,5,21,red,2,3.037146,15.066667,0
785,12.281189,282.569608,29,31,7,red,2,3.036086,14.841667,0
786,11.575121,18.512900,1,0,0,green,36,2.907391,15.770833,0
787,11.953215,326.751576,33,27,9,red,31,2.717369,15.116667,0
788,12.151045,185.771547,19,12,13,black,30,2.721088,16.433333,0
789,12.093384,311.469733,32,25,14,red,30,2.728169,14.070833,0
790,11.725622,80.548491,8,1,32,red,30,2.716706,16.037500,0
791,11.746588,219.884173,22,16,8,black,31,2.786463,14.904167,0
792,12.271272,84.747136,8,4,4,black,33,2.782091,14.491667,0
793,12.243439,157.396871,16,12,13,black,33,2.800085,16.770833,0
794,12.271376,24.418605,2,35,3,red,33,2.774162,15.129167,0
795,11.569423,33.100952,3,1,32,red,35,2.898718,14.633333,0
796,11.678927,234.301713,24,24,20,black,0,2.999766,14.833333,0
797,11.759828,56.456328,5,5,21,red,0,2.941151,15.362500,0
798,11.701673,5.321249,0,35,3,red,35,2.906137,14.525000,0
799,11.975447,144.572701,14,8,17,black,31,2.723951,14.304167,0
800,11.743194,350.978535,36,34,35,black,35,2.904582,14.766667,0
801,12.458510,353.790372,36,31,7,red,32,2.785054,15.275000,0
802,12.425822,291.773952,29,29,18,red,0,2.944802,14.695833,0
803,11.804572,6.753052,0,36,26,black,36,2.946777,14.595833,0
804,11.577951,105.820242,10,8,17,black,35,2.909210,14.591667,0
805,11.751839,232.520729,23,16,8,black,30,2.698780,14.366667,0
806,11.699625,0.354291,0,0,0,green,0,2.972330,15.070833,0
807,12.189045,307.827576,31,24,20,black,30,2.759014,13.462500,0
808,11.612102,212.214288,21,19,5,red,35,2.893384,14.591667,0
809,12.006634,329.778542,33,27,9,red,31,2.723860,14.304167,0
810,12.282506,198.262954,20,24,20,black,4,3.087533,15.079167,0
811,12.273672,253.328504,26,20,24,black,31,2.774786,13.795833,0
812,12.454393,296.290394,30,25,14,red,32,2.780171,13.820833,0
813,12.393981,95.583478,9,4,4,black,32,2.758259,14.420833,0
814,12.250883,78.862556,8,5,21,red,34,2.888204,15.550000,0
815,12.015316,343.955897,35,33,12,red,35,2.918454,14.812500,0
816,11.644210,179.370676,18,10,6,black,29,2.686058,16.062500,0
817,11.585246,173.416145,17,15,30,red,35,2.912224,14.708333,0
818,12.218155,295.961214,30,28,22,black,35,2.765108,15.008333,0
819,11.549964,347.337920,35,36,26,black,1,3.009294,14.870833,0
820,12.202053,359.255407,36,30,29,black,31,2.750637,13.679167,0
821,12.183010,286.695339,29,28,22,black,36,2.878107,14.679167,0
822,11.861347,337.914408,34,36,26,black,2,3.005155,17.345833,0
823,11.828945,249.242839,25,21,16,red,33,2.843488,14.429167,0
824,11.771260,239.918462,24,18,10,black,31,2.715808,14.708333,0
825,11.926483,47.738939,4,35,3,red,31,2.726942,14.508333,0
826,11.709324,194.878262,20,16,8,black,33,2.885252,14.170833,0
827,11.742580,14.972981,1,0,0,green,36,2.942178,14.937500,0
828,12.220328,125.713846,12,16,8,black,4,3.051770,15.029167,0
829,11.557969,313.170284,32,27,9,red,32,2.750036,15.187500,0
830,12.118816,77.162066,7,4,4,black,34,2.745677,14.766667,0
831,11.747783,146.532356,15,14,11,black,36,2.946662,15.195833,0
832,11.940369,174.751899,17,13,36,red,33,2.758465,14.954167,0
833,12.015492,252.688804,25,21,16,red,33,2.758025,15.037500,0
834,12.264156,215.927864,22,17,23,red,32,2.766285,14.275000,0
835,11.815120,125.631218,12,6,2,black,31,2.738178,14.479167,0
836,12.025188,314.828210,32,26,31,black,31,2.737305,14.287500,0
837,12.132171,121.707837,12,6,2,black,31,2.743494,14.041667,0
838,11.931392,82.380510,8,2,15,black,31,2.724550,14.033333,0
839,12.462205,244.474012,25,20,24,black,32,2.774643,16.350000,0
840,12.061290,231.538819,23,19,5,red,33,2.835568,14.987500,0
841,12.215878,258.346065,26,21,16,red,32,2.839152,14.320833,0
842,12.308287,346.229820,35,31,7,red,33,2.770076,15.137500,0
843,11.842134,182.530680,18,18,10,black,0,2.952881,14.533333,0
844,12.458651,307.576576,31,28,22,black,34,2.820080,14.354167,0
845,11.735959,168.821652,17,15,30,red,35,2.933425,14.425000,0
846,12.230905,119.484112,12,7,25,red,32,2.770393,16.275000,0
847,12.235307,181.181391,18,13,36,red,32,2.761524,13.987500,0
848,11.715697,306.749157,31,30,29,black,36,2.955532,14.604167,0
849,12.140266,349.023779,35,33,12,red,35,2.772614,14.695833,0
850,11.655690,138.264216,14,12,13,black,35,2.904602,14.654167,0
851,11.815324,350.895544,36,29,18,red,30,2.704754,15.095833,0
852,12.191364,226.392127,23,31,7,red,8,3.197442,15.950000,0
853,12.370713,22.418051,2,34,35,black,32,2.774179,16.500000,0
854,11.873019,138.357190,14,7,25,red,30,2.720052,15.670833,0
855,11.747348,122.889592,12,4,4,black,29,2.707123,14.375000,0
856,12.164066,51.084188,5,4,4,black,36,2.953897,14.754167,0
857,11.696071,347.083892,35,28,22,black,30,2.708930,14.445833,0
858,11.603516,109.568995,11,8,17,black,34,2.893803,14.445833,0
859,11.742269,250.340170,25,24,20,black,36,2.913320,14.958333,0
860,11.665046,215.394516,22,19,5,red,34,2.881697,14.562500,0
861,11.507395,292.224756,30,30,29,black,0,2.959992,15.545833,0
862,11.964335,56.654888,5,1,32,red,33,2.855374,14.000000,0
863,11.645876,260.138170,26,25,14,red,36,2.945624,15.404167,0
864,12.080512,45.743124,4,8,17,black,4,3.083098,14.808333,0
865,12.401909,135.540292,13,9,34,red,33,2.779922,15.095833,0
866,12.010977,305.842004,31,33,12,red,2,3.013779,14.725000,0
867,11.838974,65.766204,6,7,25,red,1,2.973149,14.770833,0
868,12.316436,114.649230,11,7,25,red,33,2.774226,14.233333,0
869,12.274404,63.009670,6,3,19,red,34,2.757392,14.879167,0
870,12.099780,25.750779,2,34,35,black,32,2.763547,14.308333,0
871,12.404486,282.428208,29,33,12,red,4,3.083799,15.691667,0
872,11.587123,287.259868,29,26,31,black,34,2.874945,14.391667,0
873,11.817037,195.859755,20,13,36,red,30,2.725938,13.850000,0
874,11.699643,66.959249,6,5,21,red,36,2.920026,14.441667,0
875,12.027187,80.427885,8,9,34,red,1,3.010612,14.883333,0
876,11.922384,22.724974,2,32,28,black,30,2.716892,16.270833,0
877,11.930745,137.733627,14,8,17,black,31,2.728256,14.979167,0
878,12.311716,134.650152,13,21,16,red,8,3.187034,15.679167,0
879,12.087149,272.268635,27,21,16,red,31,2.734062,14.854167,0
880,11.777243,74.057237,7,1,32,red,31,2.717456,14.037500,0
881,12.057071,102.516258,10,12,13,black,2,3.008637,14.750000,0
882,12.381883,128.890183,13,17,23,red,4,3.067601,15.229167,0
883,11.698540,314.033963,32,29,18,red,34,2.886484,14.950000,0
884,12.145408,182.669505,18,12,13,black,31,2.757714,13.762500,0
885,11.760389,336.728947,34,28,22,black,31,2.735828,16.654167,0
886,11.915915,13.840694,1,35,3,red,34,2.804315,14.220833,0
887,12.002388,348.218944,35,3,19,red,5,3.106669,15.370833,0
888,12.494382,190.651827,19,16,8,black,34,2.772780,14.916667,0
889,11.753409,202.615543,20,24,20,black,4,3.080411,15.275000,0
890,12.251447,300.259417,30,2,15,black,9,3.200820,16.154167,0
891,12.328443,213.261820,21,17,23,red,33,2.755800,15.033333,0
892,11.574918,7.822373,0,36,26,black,36,2.940234,14.612500,0
893,11.711430,248.118518,25,24,20,black,36,2.953375,14.641667,0
894,12.485398,78.252632,8,5,21,red,34,2.817022,14.437500,0
895,11.554277,59.393595,6,0,0,green,31,2.730740,14.741667,0
896,11.745783,301.672887,31,31,7,red,0,2.992656,14.825000,0
897,11.744991,125.120642,12,13,36,red,1,2.971823,14.729167,0
898,11.515615,5.615144,0,34,35,black,34,2.886428,14.150000,0
899,11.863356,54.147297,5,35,3,red,30,2.712129,15.791667,0
900,11.787841,17.129719,1,0,0,green,36,2.934643,14.575000,0
901,12.199012,209.915564,21,15,30,red,31,2.740549,14.595833,0
902,11.819845,292.325980,30,22,33,black,29,2.698563,15.683333,0
903,11.829737,4.832036,0,34,35,black,34,2.871475,14.858333,0
904,12.321253,255.309322,26,24,20,black,35,2.910580,14.625000,0
905,12.279812,76.811955,7,3,19,red,33,2.861962,13.987500,0
906,12.031843,145.050252,14,12,13,black,35,2.772661,14.825000,0
907,11.871436,93.020789,9,3,19,red,31,2.721181,14.025000,0
908,11.860894,304.319949,31,36,26,black,5,3.118761,16.137500,0
909,12.463810,43.463081,4,0,0,green,33,2.776902,14.129167,0
910,11.548009,2.372578,0,29,18,red,29,2.693533,13.800000,0
911,11.923042,80.618849,8,1,32,red,30,2.722320,14.587500,0
912,12.452796,24.645289,2,35,3,red,33,2.770777,14.958333,0
913,12.376525,63.967632,6,2,15,black,33,2.771075,15.208333,0
914,12.329336,137.839906,14,9,34,red,32,2.777702,14.191667,0
915,12.254974,275.694583,28,27,9,red,36,2.955487,14.850000,0
916,11.757718,53.222392,5,2,15,black,34,2.866853,14.541667,0
917,11.539193,174.667997,17,20,24,black,3,3.023188,15.683333,0
918,11.512039,334.319354,34,30,29,black,33,2.857244,14.250000,0
919,12.249893,290.003040,29,24,20,black,32,2.758850,16.333333,0
920,11.746232,53.731678,5,5,21,red,0,2.979115,14.895833,0
921,11.742946,137.003824,14,8,17,black,31,2.726732,14.741667,0
922,11.906340,210.984648,21,20,24,black,36,2.919740,15.425000,0
923,12.301834,296.924209,30,27,9,red,34,2.870086,14.783333,0
924,12.477036,237.701461,24,20,24,black,33,2.794270,16.245833,0
925,11.616171,273.944798,28,25,14,red,34,2.882367,14.491667,0
926,11.824016,174.626652,17,16,8,black,36,2.921646,14.916667,0
927,11.602601,159.122590,16,16,8,black,0,2.973782,15.254167,0
928,11.808372,72.051003,7,2,15,black,32,2.745171,15.362500,0
929,12.087755,358.153622,36,3,19,red,4,3.054214,15.075000,0
930,12.025276,82.734229,8,4,4,black,33,2.863568,14.266667,0
931,12.316382,354.385518,36,31,7,red,32,2.750143,14.225000,0
932,11.593468,2.192670,0,0,0,green,0,2.988668,14.800000,0
933,12.405056,244.978349,25,22,33,black,34,2.827929,16.137500,0
934,12.015433,12.020551,1,2,15,black,1,3.015508,14.483333,0
935,11.884507,274.355035,28,21,16,red,30,2.720305,15.816667,0
936,11.514700,108.539281,11,8,17,black,34,2.879845,15.216667,0
937,11.704660,173.117366,17,15,30,red,35,2.896349,14.354167,0
938,11.828716,309.648583,31,35,3,red,4,3.078877,15.412500,0
939,12.237406,92.892200,9,6,2,black,34,2.899426,14.033333,0
940,11.893534,114.209982,11,17,23,red,6,3.135075,15.629167,0
941,11.675820,43.750966,4,2,15,black,35,2.927556,14.375000,0
942,11.787093,243.109631,24,20,24,black,33,2.830932,14.437500,0
943,11.518816,202.178528,20,20,24,black,0,2.947611,14.766667,0
944,12.052299,208.435561,21,24,20,black,3,3.067672,15.045833,0
945,11.877901,290.888582,29,26,31,black,34,2.861713,14.691667,0
946,12.038315,2.903707,0,6,2,black,6,3.150749,15.454167,0
947,12.027691,50.599193,5,1,32,red,33,2.878405,14.341667,0
948,12.051563,226.558302,23,19,5,red,33,2.878563,14.412500,0
949,11.931174,223.536858,22,15,30,red,30,2.724371,14.416667,0
950,11.899721,101.418129,10,4,4,black,31,2.718310,14.191667,0
951,12.199786,87.560811,8,5,21,red,34,2.859781,14.679167,0
952,11.862907,174.037518,17,11,27,red,31,2.714800,14.775000,0
953,12.414951,115.948753,11,8,17,black,34,2.808132,14.679167,0
954,12.048782,342.699717,35,29,18,red,31,2.732017,14.000000,0
955,12.244647,202.424716,20,15,30,red,32,2.762301,15.950000,0
956,11.673186,158.589527,16,14,11,black,35,2.924699,14.633333,0
957,11.869137,164.425307,16,11,27,red,32,2.809653,14.391667,0
958,12.265735,185.812248,19,22,33,black,3,3.071192,14.745833,0
959,12.238739,225.142548,23,21,16,red,35,2.937555,14.558333,0
960,11.930704,47.065341,4,35,3,red,31,2.723872,14.229167,0
961,12.456827,311.598974,32,32,28,black,0,2.965804,15.008333,0
962,11.673995,349.948241,35,28,22,black,30,2.702181,15.758333,0
963,12.497210,162.529827,16,15,30,red,36,2.925188,14.750000,0
964,12.446529,330.959161,34,30,29,black,33,2.779817,15.295833,0
965,11.600504,353.972241,36,34,35,black,35,2.901289,14.575000,0
966,11.896712,113.279849,11,9,34,red,35,2.903413,14.608333,0
967,11.904369,35.511425,3,2,15,black,36,2.919200,16.041667,0
968,12.140416,334.702835,34,2,15,black,5,3.099923,15.225000,0
969,11.593805,43.124467,4,1,32,red,34,2.875195,14.470833,0
970,12.419351,253.374778,26,23,1,red,34,2.886357,14.745833,0
971,12.229912,133.573422,13,9,34,red,33,2.772849,14.116667,0
972,12.125738,102.397673,10,7,25,red,34,2.880466,14.554167,0
973,12.262594,196.589227,20,16,8,black,33,2.775051,15.125000,0
974,12.444991,294.797545,30,25,14,red,32,2.769810,14.595833,0
975,12.203555,240.439946,24,19,5,red,32,2.758210,15.287500,0
976,11.545427,136.149649,13,12,13,black,36,2.937457,15.341667,0
977,11.915598,148.995483,15,9,34,red,31,2.726946,14.866667,0
978,12.433277,80.990170,8,10,6,black,2,3.013930,14.795833,0
979,12.367215,153.657641,15,13,36,red,35,2.789567,15.045833,0
980,11.673791,95.686069,9,1,32,red,29,2.673608,14.275000,0
981,11.828482,169.647807,17,16,8,black,36,2.931930,14.566667,0
982,11.539514,4.115987,0,34,35,black,34,2.893698,14.170833,0
983,12.156716,195.916406,20,22,33,black,2,3.022641,14.879167,0
984,12.379636,308.408533,31,28,22,black,34,2.810133,14.466667,0
985,12.118291,270.648559,27,28,22,black,1,2.986095,14.683333,0
986,12.364324,8.929057,0,34,35,black,34,2.885955,15.025000,0
987,12.357110,337.639826,34,32,28,black,35,2.920000,14.441667,0
988,11.780961,266.462747,27,26,31,black,36,2.927515,15.437500,0
989,11.914507,31.252960,3,3,19,red,0,2.956546,15.233333,0
990,12.208868,257.342767,26,30,29,black,4,3.066060,15.045833,0
991,12.214546,215.687568,22,16,8,black,31,2.751492,14.658333,0
992,12.333995,65.443771,6,3,19,red,34,2.771314,14.662500,0
993,11.599912,106.135559,10,8,17,black,35,2.903475,14.216667,0
994,11.550995,272.803253,28,29,18,red,1,3.009188,15.241667,0
995,11.776693,195.384810,20,18,10,black,35,2.911936,14.741667,0
996,12.087094,162.032179,16,11,27,red,32,2.741302,14.200000,0
997,11.905298,136.871043,14,17,23,red,3,3.048009,15.737500,0
998,11.768182,15.716508,1,0,0,green,36,2.925234,14.612500,0
999,12.361753,228.745113,23,19,5,red,33,2.792712,16.720833,0
1000,12.470703,139.971109,14,9,34,red,32,2.781446,16.291667,0